[{"i":541,"n":"City Clerk of Berlin","f":"","p":"(603) 752-2340","e":"eriendeau@berlinnh.gov","d":"2016-09-28T14:56:08","a1":"168 Main St","a2":"","a3":"","c":"Berlin","s":"NH","z":"03570","j":"Berlin, City of","t":"City"},{"i":1283,"n":"City Clerk of Claremont","f":"(603) 542-7038","p":"(603) 542-7003","e":"cityclerk@claremontnh.com","d":"2016-05-19T09:25:24","a1":"58 Opera House Sq","a2":"","a3":"","c":"Claremont","s":"NH","z":"03743","j":"Claremont, City of","t":"City"},{"i":1488,"n":"City Clerk of Concord","f":"(603) 225-8592","p":"(603) 225-8500","e":"cityclerk@concordnh.gov","d":"2015-08-31T15:02:50","a1":"41 Green St","a2":"","a3":"","c":"Concord","s":"NH","z":"03301","j":"Concord, City of","t":"City"},{"i":1919,"n":"City Clerk of Dover","f":"(603) 516-6666","p":"(603) 516-6020","e":"k.lavertu@dover.nh.gov","d":"2015-08-31T15:02:50","a1":"288 Central Ave","a2":"","a3":"","c":"Dover","s":"NH","z":"03820","j":"Dover, City of","t":"City"},{"i":2404,"n":"City Clerk of Franklin","f":"(603) 934-7413","p":"(603) 934-3109","e":"kgargano@franklinnh.org","d":"2015-08-31T15:02:50","a1":"316 Central St","a2":"","a3":"","c":"Franklin","s":"NH","z":"03235","j":"Franklin, City of","t":"City"},{"i":3487,"n":"City Clerk of Keene","f":"(603) 283-5653","p":"(603) 352-0133","e":"plittle@ci.keene.nh.us","d":"2017-09-25T10:22:27","a1":"3 Washington St","a2":"","a3":"","c":"Keene","s":"NH","z":"03431","j":"Keene, City of","t":"City"},{"i":3618,"n":"City Clerk of Laconia","f":"(603) 524-1766","p":"(603) 527-1265","e":"voter@city.laconia.nh.us","d":"2015-08-31T15:02:50","a1":"P.O. Box 489","a2":"","a3":"","c":"Laconia","s":"NH","z":"03247","j":"Laconia, City of","t":"City"},{"i":3751,"n":"City Clerk of Lebanon","f":"(603) 442-6148","p":"(603) 448-3054","e":"cityclerk@lebcity.com","d":"2015-08-31T15:02:50","a1":"51 N Park St","a2":"","a3":"","c":"Lebanon","s":"NH","z":"03766","j":"Lebanon, City of","t":"City"},{"i":4113,"n":"City Clerk of Manchester","f":"(603) 624-6481","p":"(603) 624-6455","e":"cityclerk@manchesternh.gov","d":"2015-08-31T15:02:50","a1":"1 City Hall Plaza","a2":"","a3":"","c":"Manchester","s":"NH","z":"03101","j":"Manchester, City of","t":"City"},{"i":4714,"n":"City Clerk of Nashua","f":"(603) 589-3029","p":"(603) 589-3010","e":"cityclerkdept@nashuanh.gov","d":"2015-08-31T15:02:50","a1":"229 Main St","a2":"","a3":"","c":"Nashua","s":"NH","z":"03060","j":"Nashua, City of","t":"City"},{"i":5424,"n":"City Clerk of Portsmouth","f":"(603) 610-4158","p":"(603) 610-7207","e":"klbarnaby@cityofportsmouth.com","d":"2016-08-31T14:48:37","a1":"1 Junkins Ave","a2":"","a3":"","c":"Portsmouth","s":"NH","z":"03801","j":"Portsmouth, City of","t":"City"},{"i":5713,"n":"City Clerk of Rochester","f":"(603) 509-1915","p":"(603) 332-2130","e":"cityclerk@rochesternh.net","d":"2017-09-25T10:22:27","a1":"31 Wakefield St","a2":"","a3":"","c":"Rochester","s":"NH","z":"03867","j":"Rochester, City of","t":"City"},{"i":6172,"n":"City Clerk of Somersworth","f":"(603) 692-9574","p":"(603) 692-9511","e":"tharris@somersworth.com","d":"2015-08-31T15:02:50","a1":"1 Government Way","a2":"","a3":"","c":"Somersworth","s":"NH","z":"03878","j":"Somersworth, City of","t":"City"},{"i":4061,"n":"Town Clerk Madbury","f":"(603) 742-2505","p":"(603) 742-5131","e":"tcmadbury@comcast.net","d":"2015-08-31T15:02:50","a1":"13 Town Hall Rd","a2":"","a3":"","c":"Madbury","s":"NH","z":"03823","j":"Madbury, Town of","t":"Town"},{"i":11,"n":"Town Clerk of Acworth","f":"(603) 835-7901","p":"(603) 835-6879","e":"atclerk@sover.net","d":"2015-08-31T15:02:50","a1":"P.O. Box 37","a2":"","a3":"","c":"Acworth","s":"NH","z":"03601","j":"Acworth, Town of","t":"Town"},{"i":65,"n":"Town Clerk of Albany","f":"(603) 447-2877","p":"(603) 447-2877","e":"townclerk@albanynh.org","d":"2017-09-25T10:22:26","a1":"1972 NH Rte 16","a2":"","a3":"","c":"Albany","s":"NH","z":"03818","j":"Albany, Town of","t":"Town"},{"i":84,"n":"Town Clerk of Alexandria","f":"(603) 744-8577","p":"(603) 744-3288","e":"alextctxcoll@metrocast.net","d":"2015-08-31T15:02:50","a1":"47 Washburn Rd","a2":"","a3":"","c":"Alexandria","s":"NH","z":"03222","j":"Alexandria, Town of","t":"Town"},{"i":117,"n":"Town Clerk of Allenstown","f":"(603) 485-8669","p":"(603) 485-4276","e":"kpelissier@allenstownnh.gov","d":"2017-09-25T10:22:26","a1":"16 School St","a2":"","a3":"","c":"Allenstown","s":"NH","z":"03275","j":"Allenstown, Town of","t":"Town"},{"i":141,"n":"Town Clerk of Alstead","f":"(603) 835-2178","p":"(603) 835-2242","e":"alsteadtownclerk@comcast.net","d":"2015-08-31T15:02:50","a1":"P.O. Box 65","a2":"","a3":"","c":"Alstead","s":"NH","z":"03602","j":"Alstead, Town of","t":"Town"},{"i":143,"n":"Town Clerk of Alton","f":"(603) 875-0112","p":"(603) 875-2101","e":"townclerk@alton.nh.gov","d":"2017-09-25T10:22:26","a1":"P.O. Box 637","a2":"","a3":"","c":"Alton","s":"NH","z":"03809","j":"Alton, Town of","t":"Town"},{"i":156,"n":"Town Clerk of Amherst","f":"(603) 673-4138","p":"(603) 673-6041","e":"ndemers@amherstnh.gov","d":"2015-08-31T15:02:50","a1":"P.O. Box 960","a2":"","a3":"","c":"Amherst","s":"NH","z":"03031","j":"Amherst, Town of","t":"Town"},{"i":171,"n":"Town Clerk of Andover","f":"(603) 735-6975","p":"(603) 735-5018","e":"tctc@andover-nh.gov","d":"2017-09-25T10:22:26","a1":"P.O. Box 361","a2":"","a3":"","c":"Andover","s":"NH","z":"03216","j":"Andover, Town of","t":"Town"},{"i":192,"n":"Town Clerk of Antrim","f":"(603) 588-2969","p":"(603) 588-6785","e":"antrimatc@tds.net","d":"2015-08-31T15:02:50","a1":"P.O. Box 517","a2":"","a3":"","c":"Antrim","s":"NH","z":"03440","j":"Antrim, Town of","t":"Town"},{"i":253,"n":"Town Clerk of Ashland","f":"(603) 968-3776","p":"(603) 968-4432","e":"ptucker@ashland.nh.gov","d":"2015-08-31T15:02:50","a1":"P.O. Box 517","a2":"","a3":"","c":"Ashland","s":"NH","z":"03217","j":"Ashland, Town of","t":"Town"},{"i":271,"n":"Town Clerk of Atkinson","f":"(603) 362-5305","p":"(603) 362-4920","e":"rcavalear@atkinson-nh.gov","d":"2015-08-31T15:02:50","a1":"21 Academy Ave.","a2":"","a3":"","c":"Atkinson","s":"NH","z":"03811","j":"Atkinson, Town of","t":"Town"},{"i":289,"n":"Town Clerk of Auburn","f":"(603) 483-0518","p":"(603) 483-2281","e":"townclerk@townofauburnnh.com","d":"2015-08-31T15:02:50","a1":"P.O. Box 309","a2":"","a3":"","c":"Auburn","s":"NH","z":"03032","j":"Auburn, Town of","t":"Town"},{"i":371,"n":"Town Clerk of Barnstead","f":"(603) 269-4072","p":"(603) 269-4631","e":"ctreadwell@barnstead.org","d":"2015-08-31T15:02:50","a1":"P.O. Box 11","a2":"","a3":"","c":"Center Barnstead","s":"NH","z":"03225","j":"Barnstead, Town of","t":"Town"},{"i":380,"n":"Town Clerk of Barrington","f":"(603) 664-0177","p":"(603) 664-5476","e":"townclrk@metrocast.net","d":"2015-08-31T15:02:50","a1":"P.O. Box 660","a2":"","a3":"","c":"Barrington","s":"NH","z":"03825","j":"Barrington, Town of","t":"Town"},{"i":390,"n":"Town Clerk of Bartlett","f":"(603) 356-2300","p":"(603) 356-2300","e":"townclerk@townofbartlettnh.org","d":"2017-09-25T10:22:26","a1":"56 Town Hall Rd","a2":"","a3":"","c":"Intervale","s":"NH","z":"03845","j":"Bartlett, Town of","t":"Town"},{"i":407,"n":"Town Clerk of Bath","f":"(603) 747-0497","p":"(603) 747-2454","e":"bathnh@myfairpoint.net","d":"2015-08-31T15:02:50","a1":"P.O. Box 88","a2":"","a3":"","c":"Bath","s":"NH","z":"03740","j":"Bath, Town of","t":"Town"},{"i":463,"n":"Town Clerk of Bedford","f":"(603) 472-4573","p":"(603) 472-3550","e":"lradke@bedfordnh.org","d":"2015-08-31T15:02:50","a1":"24 N Amherst Rd.","a2":"","a3":"","c":"Bedford","s":"NH","z":"03110","j":"Bedford, Town of","t":"Town"},{"i":485,"n":"Town Clerk of Belmont","f":"(603) 267-8305","p":"(603) 267-8300","e":"tctc@belmontnh.org","d":"2015-08-31T15:02:50","a1":"P.O. Box 310","a2":"","a3":"","c":"Belmont","s":"NH","z":"03220","j":"Belmont, Town of","t":"Town"},{"i":501,"n":"Town Clerk of Bennington","f":"(603) 588-8005","p":"(603) 588-2189","e":"townclerk@townofbennington.com","d":"2017-09-25T10:22:26","a1":"7 School St","a2":"","a3":"","c":"Bennington","s":"NH","z":"03444","j":"Bennington, Town of","t":"Town"},{"i":520,"n":"Town Clerk of Benton","f":"","p":"(603) 787-6541","e":"mstiebitz@att.net","d":"2015-08-31T15:02:50","a1":"110 Flanders Rd","a2":"","a3":"","c":"Benton","s":"NH","z":"03785","j":"Benton, Town of","t":"Town"},{"i":562,"n":"Town Clerk of Bethlehem","f":"(603) 869-5500","p":"(603) 869-2293","e":"townclerk@bethlehemnh.org","d":"2015-08-31T15:02:50","a1":"P.O. Box 185","a2":"","a3":"","c":"Bethlehem","s":"NH","z":"03574","j":"Bethlehem, Town of","t":"Town"},{"i":679,"n":"Town Clerk of Boscawen","f":"(603) 753-9184","p":"(603) 753-9188","e":"mbrochu@townofboscawen.org","d":"2015-08-31T15:05:25","a1":"116 N. Main St","a2":"","a3":"","c":"Boscawen","s":"NH","z":"03303","j":"Boscawen, Town of","t":"Town"},{"i":696,"n":"Town Clerk of Bow","f":"(603) 225-5428","p":"(603) 228-1187","e":"townclerk@bow-nh.gov","d":"2015-08-31T15:02:50","a1":"10 Grandview Rd","a2":"","a3":"","c":"Bow","s":"NH","z":"03304","j":"Bow, Town of","t":"Town"},{"i":718,"n":"Town Clerk of Bradford","f":"(603) 938-5694","p":"(603) 938-2288","e":"tc@bradfordnh.org","d":"2015-08-31T15:05:25","a1":"P.O. Box 607","a2":"","a3":"","c":"Bradford","s":"NH","z":"03221","j":"Bradford, Town of","t":"Town"},{"i":747,"n":"Town Clerk of Brentwood","f":"(603) 642-6310","p":"(603) 642-6400","e":"townclerk@brentwoodnh.gov","d":"2015-08-31T15:02:50","a1":"1 Dalton Rd","a2":"","a3":"","c":"Brentwood","s":"NH","z":"03833","j":"Brentwood, Town of","t":"Town"},{"i":762,"n":"Town Clerk of Bridgewater","f":"(603) 968-3506","p":"(603) 968-7911","e":"cmkenny@plymouth.edu","d":"2015-08-31T15:02:50","a1":"P.O. Box 419","a2":"","a3":"","c":"Plymouth","s":"NH","z":"03264","j":"Bridgewater, Town of","t":"Town"},{"i":780,"n":"Town Clerk of Bristol","f":"(603) 744-2521","p":"(603) 744-3354","e":"rsimpson@townofbristolnh.org","d":"2015-08-31T15:02:50","a1":"230 Lake St","a2":"","a3":"","c":"Bristol","s":"NH","z":"03222","j":"Bristol, Town of","t":"Town"},{"i":798,"n":"Town Clerk of Brookfield","f":"(603) 522-6245","p":"(603) 522-3688","e":"brookfieldnhtc@hotmail.com","d":"2015-08-31T15:02:50","a1":"267 Wentworth Rd","a2":"","a3":"","c":"Brookfield","s":"NH","z":"03872","j":"Brookfield, Town of","t":"Town"},{"i":803,"n":"Town Clerk of Brookline","f":"(603) 673-8802","p":"(603) 673-8855","e":"patti@brookline.nh.us","d":"2017-09-25T10:22:26","a1":"P.O. Box 336","a2":"","a3":"","c":"Brookline","s":"NH","z":"03033","j":"Brookline, Town of","t":"Town"},{"i":7445,"n":"Town Clerk of Cambridge","f":"(603) 482-3804","p":"(603) 482-3351","e":"erroltownclerk@gmail.com","d":"2017-09-25T10:22:27","a1":"33 P.O. Box 100","a2":"","a3":"","c":"Errol","s":"NH","z":"03579","j":"Cambridge, Town of","t":"Town"},{"i":997,"n":"Town Clerk of Campton","f":"(603) 726-9817","p":"(603) 726-3223","e":"toc.hj@camptonnh.org","d":"2017-09-25T10:22:26","a1":"10 Gearty Way","a2":"","a3":"","c":"Campton","s":"NH","z":"03223","j":"Campton, Town of","t":"Town"},{"i":1000,"n":"Town Clerk of Canaan","f":"(603) 523-4526","p":"(603) 523-7106","e":"vmcalister@canaannh.org","d":"2015-08-31T15:02:50","a1":"P.O. Box 38","a2":"","a3":"","c":"Canaan","s":"NH","z":"03741","j":"Canaan, Town of","t":"Town"},{"i":1002,"n":"Town Clerk of Candia","f":"(603) 483-0252","p":"(603) 483-5573","e":"cdupere@townofcandia.org","d":"2015-08-31T15:02:50","a1":"74 High St","a2":"","a3":"","c":"Candia","s":"NH","z":"03034","j":"Candia, Town of","t":"Town"},{"i":1007,"n":"Town Clerk of Canterbury","f":"(603) 783-0501","p":"(603) 783-0153","e":"bbynum@canterbury-nh.org","d":"2017-09-25T10:22:26","a1":"PO Box 500 Canterbury","a2":"","a3":"","c":"Canterbury","s":"NH","z":"03224","j":"Canterbury, Town of","t":"Town"},{"i":1044,"n":"Town Clerk of Carroll","f":"(603) 846-5713","p":"(603) 846-5494","e":"townclerk@townofcarroll.org","d":"2016-09-29T09:32:19","a1":"P.O. Box 88","a2":"","a3":"","c":"Twin Mountain","s":"NH","z":"03595","j":"Carroll, Town of","t":"Town"},{"i":1123,"n":"Town Clerk of Center Harbor","f":"(603) 253-8420","p":"(603) 253-4561","e":"chtownclerk@metrocast.net","d":"2015-08-31T15:02:50","a1":"P.O. Box 140","a2":"","a3":"","c":"Center Harbor","s":"NH","z":"03226","j":"Center Harbor, Town of","t":"Town"},{"i":1153,"n":"Town Clerk of Charlestown","f":"(603) 826-5181","p":"(603) 826-5821","e":"patricia@charlestown-nh.gov","d":"2017-09-25T10:22:26","a1":"P.O. Box 834","a2":"","a3":"","c":"Charlestown","s":"NH","z":"03603","j":"Charlestown, Town of","t":"Town"},{"i":1175,"n":"Town Clerk of Chatham","f":"(603) 694-2043","p":"(603) 694-2043","e":"mpitman@fairpoint.net","d":"2015-08-31T15:02:50","a1":"1681 Main Rd","a2":"","a3":"","c":"Chatham","s":"NH","z":"03813","j":"Chatham, Town of","t":"Town"},{"i":1218,"n":"Town Clerk of Chester","f":"(603) 887-4334","p":"(603) 887-3636","e":"enewnan@chesternh.org","d":"2017-09-25T10:22:26","a1":"84 Chester St","a2":"","a3":"","c":"Chester","s":"NH","z":"03036","j":"Chester, Town of","t":"Town"},{"i":1224,"n":"Town Clerk of Chesterfield","f":"(603) 363-8047","p":"(603) 363-8071","e":"chesterfieldtownclerk@yahoo.com","d":"2015-08-31T15:02:50","a1":"P.O. Box 64","a2":"","a3":"","c":"Chesterfield","s":"NH","z":"03443","j":"Chesterfield, Town of","t":"Town"},{"i":1232,"n":"Town Clerk of Chichester","f":"(603) 798-3170","p":"(603) 798-5808","e":"townclerk@chichesternh.org","d":"2015-08-31T15:02:50","a1":"54 Main St","a2":"","a3":"","c":"Chichester","s":"NH","z":"03258","j":"Chichester, Town of","t":"Town"},{"i":1307,"n":"Town Clerk of Clarksville","f":"(603) 246-3480","p":"(603) 246-7751","e":"twnclark@yahoo.com","d":"2015-08-31T15:02:50","a1":"408 NH Rt. 145","a2":"","a3":"","c":"Clarksville","s":"NH","z":"03592","j":"Clarksville, Town of","t":"Town"},{"i":1430,"n":"Town Clerk of Colebrook","f":"(603) 237-5069","p":"(603) 237-5200","e":"townclerk@colebrooknh.org","d":"2017-09-25T10:22:26","a1":"17 Bridge St","a2":"","a3":"","c":"Colebrook","s":"NH","z":"03576","j":"Colebrook, Town of","t":"Town"},{"i":1468,"n":"Town Clerk of Columbia","f":"(603) 237-8270","p":"(603) 237-5255","e":"towncolumbia@myfairpoint.net","d":"2017-09-25T10:22:26","a1":"P.O. Box 157","a2":"","a3":"","c":"Columbia","s":"NH","z":"03576","j":"Columbia, Town of","t":"Town"},{"i":1505,"n":"Town Clerk of Conway","f":"(603) 447-1348","p":"(603) 447-3811","e":"rquint@conwaynh.org","d":"2015-08-31T15:02:50","a1":"1634 E Main St","a2":"","a3":"","c":"Center Conway","s":"NH","z":"03813","j":"Conway, Town of","t":"Town"},{"i":1524,"n":"Town Clerk of Cornish","f":"(603) 675-5605","p":"(603) 675-5207","e":"cornishtownclerk@comcast.net","d":"2015-08-31T15:02:50","a1":"P.O. Box 183","a2":"","a3":"","c":"Cornish Flat","s":"NH","z":"03746","j":"Cornish, Town of","t":"Town"},{"i":1596,"n":"Town Clerk of Croydon","f":"(603) 863-2601","p":"(603) 863-7830","e":"croydon@myfairpoint.net","d":"2015-08-31T15:02:50","a1":"879 NH RTE 10","a2":"","a3":"","c":"Croydon","s":"NH","z":"03773","j":"Croydon, Town of","t":"Town"},{"i":1718,"n":"Town Clerk of Dalton","f":"(603) 873-9642","p":"(603) 837-2092","e":"town.clerk@townofdalton.com","d":"2015-08-31T15:02:50","a1":"756 Dalton Rd.","a2":"","a3":"","c":"Dalton","s":"NH","z":"03598","j":"Dalton, Town of","t":"Town"},{"i":1720,"n":"Town Clerk of Danbury","f":"(603) 768-5448","p":"(603) 768-5448","e":"danburyclerk@comcast.net","d":"2015-08-31T15:02:50","a1":"23 High St","a2":"","a3":"","c":"Danbury","s":"NH","z":"03230","j":"Danbury, Town of","t":"Town"},{"i":1731,"n":"Town Clerk of Danville","f":"(603) 382-3363","p":"(603) 382-8253","e":"ctracy@townofdanville.org","d":"2015-08-31T15:02:50","a1":"210 Main St","a2":"","a3":"","c":"Danville","s":"NH","z":"03819","j":"Danville, Town of","t":"Town"},{"i":1805,"n":"Town Clerk of Deerfield","f":"(603) 463-2820","p":"(603) 463-8811","e":"twn@townofdeerfieldnh.com","d":"2015-08-31T15:02:50","a1":"P.O. Box 159","a2":"","a3":"","c":"Deerfield","s":"NH","z":"03037","j":"Deerfield, Town of","t":"Town"},{"i":1807,"n":"Town Clerk of Deering","f":"","p":"(603) 464-3224","e":"townclerk@deering.nh.us","d":"2017-09-25T10:22:26","a1":"762 Deering Center Rd","a2":"","a3":"","c":"Deering","s":"NH","z":"03244","j":"Deering, Town of","t":"Town"},{"i":1844,"n":"Town Clerk of Derry","f":"(603) 432-8176","p":"(603) 432-6105","e":"danielhealey@derrynh.org","d":"2017-09-25T10:22:26","a1":"14 Manning St","a2":"","a3":"","c":"Derry","s":"NH","z":"03038","j":"Derry, Town of","t":"Town"},{"i":1877,"n":"Town Clerk of Dixville","f":"(603) 255-3851","p":"(603) 255-3851","e":"debtt@tango175.com","d":"2017-09-25T10:22:26","a1":"1 Wilderness Road","a2":"","a3":"","c":"Dixville","s":"NH","z":"03576","j":"Dixville, Town of","t":"Town"},{"i":1892,"n":"Town Clerk of Dorchester","f":"(603) 786-9476","p":"(603) 786-9476","e":"town.clerk@townofdorchester.net","d":"2017-09-25T10:22:26","a1":"1097 N Dorchester Rd","a2":"","a3":"","c":"Dorchester","s":"NH","z":"03266","j":"Dorchester, Town of","t":"Town"},{"i":1935,"n":"Town Clerk of Dublin","f":"(603) 563-9221","p":"(603) 563-8859","e":"townclerk@townofdublin.org","d":"2015-08-31T15:02:50","a1":"P.O. Box 62","a2":"","a3":"","c":"Dublin","s":"NH","z":"03444","j":"Dublin, Town of","t":"Town"},{"i":1940,"n":"Town Clerk of Dummer","f":"(603) 449-2315","p":"(603) 449-2006","e":"townofdummer@gmail.com","d":"2017-09-25T10:22:26","a1":"75 Hill Rd","a2":"","a3":"","c":"Dummer","s":"NH","z":"03588","j":"Dummer, Town of","t":"Town"},{"i":1943,"n":"Town Clerk of Dunbarton","f":"(603) 774-5541","p":"(603) 774-3547","e":"townclerk@dunbartonnh.org","d":"2015-08-31T15:02:50","a1":"1011 School St","a2":"","a3":"","c":"Dunbarton","s":"NH","z":"03046","j":"Dunbarton, Town of","t":"Town"},{"i":1962,"n":"Town Clerk of Durham","f":"","p":"(603) 868-5577","e":"lpitt@ci.durham.nh.us","d":"2017-09-25T10:22:26","a1":"8 Newmarket Rd","a2":"","a3":"","c":"Durham","s":"NH","z":"03824","j":"Durham, Town of","t":"Town"},{"i":1994,"n":"Town Clerk of East Kingston","f":"(603) 642-5096","p":"(603) 642-8794","e":"bclark@eastkingstonnh.gov","d":"2017-09-27T09:24:56","a1":"P.O. Box 249","a2":"","a3":"","c":"East Kingston","s":"NH","z":"03827","j":"East Kingston, Town of","t":"Town"},{"i":2016,"n":"Town Clerk of Easton","f":"(603) 823-7780","p":"(603) 823-8017","e":"eastonnhtownclerk@gmail.com","d":"2017-09-25T10:22:26","a1":"1060 Easton Valley Rd","a2":"","a3":"","c":"Easton","s":"NH","z":"03580","j":"Easton, Town of","t":"Town"},{"i":2025,"n":"Town Clerk of Eaton","f":"(603) 447-2560","p":"(603) 447-2840","e":"eatonnhtc@gmail.com","d":"2015-08-31T15:02:50","a1":"P.O. Box 118","a2":"","a3":"","c":"Eaton Center","s":"NH","z":"03832","j":"Eaton, Town of","t":"Town"},{"i":2061,"n":"Town Clerk of Effingham","f":"(603) 539-7637","p":"(603) 539-7551","e":"townclerk.taxcollector@effinghamnh.net","d":"2015-08-31T15:02:50","a1":"68 School St","a2":"","a3":"","c":"Effingham","s":"NH","z":"03882","j":"Effingham, Town of","t":"Town"},{"i":2109,"n":"Town Clerk of Ellsworth","f":"","p":"(603) 726-3551","e":"dobellsworth@gmail.com","d":"2017-09-25T10:22:26","a1":"3 Ellsworth Pond Rd","a2":"","a3":"","c":"Ellsworth","s":"NH","z":"03223","j":"Ellsworth, Town of","t":"Town"},{"i":2144,"n":"Town Clerk of Enfield","f":"(603) 632-5182","p":"(603) 632-4201","e":"ceisener@enfield.nh.us","d":"2015-08-31T15:05:25","a1":"P.O. Box 373","a2":"","a3":"","c":"Enfield","s":"NH","z":"03748","j":"Enfield, Town of","t":"Town"},{"i":2151,"n":"Town Clerk of Epping","f":"(603) 679-3002","p":"(603) 679-8288","e":"clerkandtax@townofepping.com","d":"2015-08-31T15:02:50","a1":"157 Main St","a2":"","a3":"","c":"Epping","s":"NH","z":"03042","j":"Epping, Town of","t":"Town"},{"i":2152,"n":"Town Clerk of Epsom","f":"(603) 736-8539","p":"(603) 736-4825","e":"dawnepsom@metrocast.net","d":"2015-08-31T15:02:50","a1":"P.O. Box 10","a2":"","a3":"","c":"Epsom","s":"NH","z":"03234","j":"Epsom, Town of","t":"Town"},{"i":2160,"n":"Town Clerk of Errol","f":"(603) 482-3804","p":"(603) 482-3351","e":"erroltownclerk@gmail.com","d":"2017-09-25T10:22:26","a1":"P.O. Box 100","a2":"","a3":"","c":"Errol","s":"NH","z":"03579","j":"Errol, Town of","t":"Town"},{"i":2203,"n":"Town Clerk of Exeter","f":"(603) 418-6424","p":"(603) 778-0591 x403","e":"akohler@exeternh.gov","d":"2015-08-31T15:02:50","a1":"10 Front St","a2":"","a3":"","c":"Exeter","s":"NH","z":"03833","j":"Exeter, Town of","t":"Town"},{"i":2247,"n":"Town Clerk of Farmington","f":"(603) 755-9128","p":"(603) 755-3657","e":"tctc@metrocast.net","d":"2017-09-25T10:22:26","a1":"356 Main St","a2":"","a3":"","c":"Farmington","s":"NH","z":"03835","j":"Farmington, Town of","t":"Town"},{"i":2295,"n":"Town Clerk of Fitzwilliam","f":"(603) 585-7744","p":"(603) 585-7214","e":"fitzclerk@fitzwilliam-nh.gov","d":"2015-08-31T15:05:25","a1":"P.O. Box 725","a2":"","a3":"","c":"Fitzwilliam","s":"NH","z":"03447","j":"Fitzwilliam, Town of","t":"Town"},{"i":2362,"n":"Town Clerk of Francestown","f":"(603) 547-2622","p":"(603) 547-6251","e":"townclerk@francestownnh.org","d":"2017-09-25T10:22:26","a1":"P.O. Box 67","a2":"","a3":"","c":"Francestown","s":"NH","z":"03043","j":"Francestown, Town of","t":"Town"},{"i":2364,"n":"Town Clerk of Franconia","f":"(603) 823-5581","p":"(603) 823-5237","e":"townclerk@franconianh.org","d":"2015-08-31T15:02:50","a1":"P.O. Box 900","a2":"","a3":"","c":"Franconia","s":"NH","z":"03580","j":"Franconia, Town of","t":"Town"},{"i":2424,"n":"Town Clerk of Freedom","f":"(603) 539-8270","p":"(603) 539-8269","e":"freedomtownclerk@yahoo.com","d":"2015-08-31T15:02:50","a1":"P.O. Box 457","a2":"","a3":"","c":"Freedom","s":"NH","z":"03836","j":"Freedom, Town of","t":"Town"},{"i":2440,"n":"Town Clerk of Fremont","f":"(603) 895-3149","p":"(603) 895-8693","e":"fremontclerk@comcast.net","d":"2015-08-31T15:02:50","a1":"P.O. Box 120","a2":"","a3":"","c":"Fremont","s":"NH","z":"03044","j":"Fremont, Town of","t":"Town"},{"i":2554,"n":"Town Clerk of Gilford","f":"(603) 527-4719","p":"(603) 527-4713","e":"dgonyer@gilfordnh.org","d":"2015-08-31T15:02:50","a1":"47 Cherry Valley Rd","a2":"","a3":"","c":"Gilford","s":"NH","z":"03249","j":"Gilford, Town of","t":"Town"},{"i":2562,"n":"Town Clerk of Gilmanton","f":"(603) 267-6701","p":"(603) 267-6726","e":"tctx@gilmantonnh.org","d":"2015-08-31T15:02:50","a1":"P.O. Box 550","a2":"","a3":"","c":"Gilmanton","s":"NH","z":"03237","j":"Gilmanton, Town of","t":"Town"},{"i":2569,"n":"Town Clerk of Gilsum","f":"(603) 352-0845","p":"(603) 357-0320","e":"robin03448@gmail.com","d":"2016-08-01T11:27:46","a1":"P.O. Box 36","a2":"","a3":"","c":"Gilsum","s":"NH","z":"03448","j":"Gilsum, Town of","t":"Town"},{"i":2600,"n":"Town Clerk of Goffstown","f":"(603) 497-5710","p":"(603) 497-8990","e":"cball@goffstownnh.gov","d":"2015-08-31T15:02:50","a1":"16 Main St","a2":"","a3":"","c":"Goffstown","s":"NH","z":"03045","j":"Goffstown, Town of","t":"Town"},{"i":2619,"n":"Town Clerk of Gorham","f":"(603) 466-2744","p":"(603) 466-2744","e":"cporter@gorhamnh.org","d":"2015-08-31T15:02:50","a1":"20 Park St","a2":"","a3":"","c":"Gorham","s":"NH","z":"03581","j":"Gorham, Town of","t":"Town"},{"i":2624,"n":"Town Clerk of Goshen","f":"(603) 863-6139","p":"(603) 863-5655","e":"townofgoshen@goshennh.org","d":"2015-08-31T15:02:50","a1":"P.O. Box 58","a2":"","a3":"","c":"Goshen","s":"NH","z":"03752","j":"Goshen, Town of","t":"Town"},{"i":2633,"n":"Town Clerk of Grafton","f":"(603) 523-4986","p":"(603) 523-7270","e":"graftontc2008@hotmail.com","d":"2015-08-31T15:02:50","a1":"P.O. Box 277","a2":"","a3":"","c":"Grafton","s":"NH","z":"03240","j":"Grafton, Town of","t":"Town"},{"i":2693,"n":"Town Clerk of Grantham","f":"(603) 863-4499","p":"(603) 863-5608","e":"kstory@granthamnh.net","d":"2017-09-25T10:22:26","a1":"P.O. Box 135","a2":"","a3":"","c":"Grantham","s":"NH","z":"03753","j":"Grantham, Town of","t":"Town"},{"i":7447,"n":"Town Clerk of Green&apos;s Grant","f":"(603) 466-3100","p":"(603) 466-2744","e":"cporter@gorhamnh.org","d":"2015-08-31T15:02:51","a1":"20 Park St","a2":"","a3":"","c":"Gorham","s":"NH","z":"03581","j":"Green&apos;s Grant, Town of","t":"Town"},{"i":2754,"n":"Town Clerk of Greenfield","f":"(603) 547-3004","p":"(603) 547-2782","e":"greenfieldnhtc@gmail.com","d":"2017-09-25T10:22:26","a1":"P.O. Box 256","a2":"","a3":"","c":"Greenfield","s":"NH","z":"03047","j":"Greenfield, Town of","t":"Town"},{"i":2756,"n":"Town Clerk of Greenland","f":"(603) 430-3761","p":"(603) 431-7111","e":"mmorgan@greenland-nh.com","d":"2015-08-31T15:02:50","a1":"P.O. Box 100","a2":"","a3":"","c":"Greenland","s":"NH","z":"03840","j":"Greenland, Town of","t":"Town"},{"i":2764,"n":"Town Clerk of Greenville","f":"(603) 878-4951","p":"(603) 878-4155","e":"clerk-collector@comcast.net","d":"2015-08-31T15:02:50","a1":"P.O. Box 354","a2":"","a3":"","c":"Greenville","s":"NH","z":"03048","j":"Greenville, Town of","t":"Town"},{"i":2794,"n":"Town Clerk of Groton","f":"(603) 744-8803","p":"(603) 744-8849","e":"townclerk@grotonnh.org","d":"2017-09-25T10:22:26","a1":"754 N Groton Rd","a2":"","a3":"","c":"Groton","s":"NH","z":"03241","j":"Groton, Town of","t":"Town"},{"i":2871,"n":"Town Clerk of Hampstead","f":"(603) 329-7174","p":"(603) 329-4100","e":"townclerk@hampsteadnh.us","d":"2015-08-31T15:02:50","a1":"P.O. Box 298","a2":"","a3":"","c":"Hampstead","s":"NH","z":"03841","j":"Hampstead, Town of","t":"Town"},{"i":2877,"n":"Town Clerk of Hampton","f":"(603) 929-5917","p":"(603) 926-0406","e":"jcypher@town.hampton.nh.us","d":"2017-09-25T10:22:26","a1":"100 Winnacunnet Rd","a2":"","a3":"","c":"Hampton","s":"NH","z":"03842","j":"Hampton, Town of","t":"Town"},{"i":2875,"n":"Town Clerk of Hampton Falls","f":"(603) 926-1848","p":"(603) 926-4618","e":"townclerk@hamptonfalls.org","d":"2017-09-25T10:22:26","a1":"1 Drinkwater Rd","a2":"","a3":"","c":"Hampton Falls","s":"NH","z":"03844","j":"Hampton Falls, Town of","t":"Town"},{"i":2892,"n":"Town Clerk of Hancock","f":"(603) 525-4427","p":"(603) 525-4441","e":"clerk@hancocknh.org","d":"2015-08-31T15:02:50","a1":"P.O. Box 6","a2":"","a3":"","c":"Hancock","s":"NH","z":"03449","j":"Hancock, Town of","t":"Town"},{"i":2902,"n":"Town Clerk of Hanover","f":"(603) 643-1720","p":"(603) 640-3203","e":"betsy.mcclain@hanovernh.org","d":"2017-09-25T10:22:26","a1":"P.O. Box 483","a2":"","a3":"","c":"Hanover","s":"NH","z":"03755","j":"Hanover, Town of","t":"Town"},{"i":2960,"n":"Town Clerk of Harrisville","f":"(603) 827-2917","p":"(603) 827-5546","e":"townclerk@harrisville.org","d":"2017-09-25T10:22:26","a1":"40 Houghton Rd","a2":"","a3":"","c":"Harrisville","s":"NH","z":"03450","j":"Harrisville, Town of","t":"Town"},{"i":2978,"n":"Town Clerk of Harts Location","f":"","p":"(603) 347-6397","e":"hartslocationtc@gmail.com","d":"2017-09-25T10:22:26","a1":"P.O. Box 540","a2":"","a3":"","c":"Hart&apos;s Location","s":"NH","z":"03812","j":"Harts Location, Town of","t":"Town"},{"i":2994,"n":"Town Clerk of Haverhill","f":"(603) 787-2226","p":"(603) 787-6200","e":"townclerk@haverhill-nh.com","d":"2015-08-31T15:02:50","a1":"2975 Dartmouth College Hwy","a2":"","a3":"","c":"North Haverhill","s":"NH","z":"03774","j":"Haverhill, Town of","t":"Town"},{"i":3024,"n":"Town Clerk of Hebron","f":"(603) 744-9994","p":"(603) 744-7999","e":"clerk@hebronnh.org","d":"2017-09-25T10:22:26","a1":"P.O. Box 55","a2":"","a3":"","c":"Hebron","s":"NH","z":"03241","j":"Hebron, Town of","t":"Town"},{"i":3042,"n":"Town Clerk of Henniker","f":"(603) 428-4366","p":"(603) 428-3240","e":"hennikertc@tds.net","d":"2015-08-31T15:02:50","a1":"18 Depot Hill Rd","a2":"","a3":"","c":"Henniker","s":"NH","z":"03242","j":"Henniker, Town of","t":"Town"},{"i":3090,"n":"Town Clerk of Hill","f":"(603) 934-2011","p":"(603) 934-3951","e":"hilltwnclk@comcast.net","d":"2015-08-31T15:02:50","a1":"30 Crescent St, #2","a2":"","a3":"","c":"Hill","s":"NH","z":"03243","j":"Hill, Town of","t":"Town"},{"i":3096,"n":"Town Clerk of Hillsborough","f":"(603) 464-4270","p":"(603) 464-3877","e":"debbie@hillsboroughnh.net","d":"2015-08-31T15:02:50","a1":"P.O. Box 1699","a2":"","a3":"","c":"Hillsborough","s":"NH","z":"03244","j":"Hillsborough, Town of","t":"Town"},{"i":3105,"n":"Town Clerk of Hinsdale","f":"(603) 336-5711","p":"(603) 336-5719","e":"tchinsdale.nh@myfairpoint.net","d":"2015-08-31T15:02:50","a1":"P.O. Box 31","a2":"","a3":"","c":"Hinsdale","s":"NH","z":"03451","j":"Hinsdale, Town of","t":"Town"},{"i":3119,"n":"Town Clerk of Holderness","f":"(603) 968-9954","p":"(603) 968-7536","e":"tctc@holderness-nh.gov","d":"2017-09-25T10:22:27","a1":"P.O. Box 203","a2":"","a3":"","c":"Holderness","s":"NH","z":"03245","j":"Holderness, Town of","t":"Town"},{"i":3129,"n":"Town Clerk of Hollis","f":"(603) 465-2964","p":"(603) 465-2064","e":"townclerk@hollisnh.org","d":"2015-08-31T15:02:50","a1":"7 Monument Sq","a2":"","a3":"","c":"Hollis","s":"NH","z":"03049","j":"Hollis, Town of","t":"Town"},{"i":3154,"n":"Town Clerk of Hooksett","f":"(603) 485-4423","p":"(603) 485-9534","e":"trainier@hooksett.org","d":"2015-08-31T15:02:50","a1":"35 Main St","a2":"","a3":"","c":"Hooksett","s":"NH","z":"03106","j":"Hooksett, Town of","t":"Town"},{"i":3164,"n":"Town Clerk of Hopkinton","f":"(603) 746-4011","p":"(603) 746-3180","e":"clerkcollector@hopkinton-nh.gov","d":"2015-08-31T15:02:50","a1":"P.O. Box 446","a2":"","a3":"","c":"Contoocook","s":"NH","z":"03229","j":"Hopkinton, Town of","t":"Town"},{"i":3207,"n":"Town Clerk of Hudson","f":"(603) 816-1292","p":"(603) 886-6003","e":"pbarry@hudsonnh.gov","d":"2017-09-25T10:22:27","a1":"12 School St","a2":"","a3":"","c":"Hudson","s":"NH","z":"03051","j":"Hudson, Town of","t":"Town"},{"i":3346,"n":"Town Clerk of Jackson","f":"","p":"(603) 383-6248","e":"jxntctc@jackson-nh.org","d":"2015-08-31T15:02:50","a1":"P.O. Box 336","a2":"","a3":"","c":"Jackson","s":"NH","z":"03846","j":"Jackson, Town of","t":"Town"},{"i":3351,"n":"Town Clerk of Jaffrey","f":"(603) 532-7862","p":"(603) 532-7861","e":"krollins@townofjaffrey.com","d":"2015-08-31T15:02:50","a1":"10 Goodnow St","a2":"","a3":"","c":"Jaffrey","s":"NH","z":"03452","j":"Jaffrey, Town of","t":"Town"},{"i":3407,"n":"Town Clerk of Jefferson","f":"(603) 586-4553","p":"(603) 586-4553","e":"jeffersontownclerk@live.com","d":"2015-08-31T15:02:50","a1":"84 Stag Hollow Rd","a2":"","a3":"","c":"Jefferson","s":"NH","z":"03583","j":"Jefferson, Town of","t":"Town"},{"i":3502,"n":"Town Clerk of Kensington","f":"(603) 772-6841","p":"(603) 772-5423","e":"townclerk@kensingtontown.com","d":"2015-08-31T15:02:50","a1":"95 Amesbury Rd","a2":"","a3":"","c":"Kensington","s":"NH","z":"03833","j":"Kensington, Town of","t":"Town"},{"i":3549,"n":"Town Clerk of Kingston","f":"(603) 642-3204","p":"(603) 642-3112","e":"tc-tc@kingstonnh.org","d":"2015-08-31T15:02:50","a1":"P.O. Box 657","a2":"","a3":"","c":"Kingston","s":"NH","z":"03848","j":"Kingston, Town of","t":"Town"},{"i":3688,"n":"Town Clerk of Lancaster","f":"(603) 788-2114","p":"(603) 788-2306","e":"townclerk@lancasternh.org","d":"2015-08-31T15:02:50","a1":"25 Main St","a2":"","a3":"","c":"Lancaster","s":"NH","z":"03584","j":"Lancaster, Town of","t":"Town"},{"i":3691,"n":"Town Clerk of Landaff","f":"(603) 838-5225","p":"(603) 838-6220","e":"townclerk@landaffnh.org","d":"2015-08-31T15:02:50","a1":"12 Center Hill Rd","a2":"","a3":"","c":"Landaff","s":"NH","z":"03585","j":"Landaff, Town of","t":"Town"},{"i":3697,"n":"Town Clerk of Langdon","f":"(603) 835-6055","p":"(603) 835-2389","e":"langdontownclerk@gmail.com","d":"2015-08-31T15:02:50","a1":"122 NH Rte 12A","a2":"","a3":"","c":"Langdon","s":"NH","z":"03602","j":"Langdon, Town of","t":"Town"},{"i":3771,"n":"Town Clerk of Lee","f":"(603) 659-7202","p":"(603) 659-2964","e":"lreinhold@leenh.org","d":"2017-09-25T10:22:27","a1":"7 Mast Rd","a2":"","a3":"","c":"Lee","s":"NH","z":"03861","j":"Lee, Town of","t":"Town"},{"i":3784,"n":"Town Clerk of Lempster","f":"(603) 863-8105","p":"(603) 863-3213","e":"lempstertownclerk@myfairpoint.net","d":"2015-08-31T15:02:50","a1":"P.O. Box 33","a2":"","a3":"","c":"Lempster","s":"NH","z":"03605","j":"Lempster, Town of","t":"Town"},{"i":3893,"n":"Town Clerk of Lincoln","f":"(603) 745-6743","p":"(603) 745-8971","e":"townclerk@lincolnnh.org","d":"2015-08-31T15:02:50","a1":"P.O. Box 39","a2":"","a3":"","c":"Lincoln","s":"NH","z":"03251","j":"Lincoln, Town of","t":"Town"},{"i":3909,"n":"Town Clerk of Lisbon","f":"(603) 838-6790","p":"(603) 838-2862","e":"lisbonnhtc@ne.twcbc.com","d":"2015-08-31T15:02:50","a1":"46 School St","a2":"","a3":"","c":"Lisbon","s":"NH","z":"03585","j":"Lisbon, Town of","t":"Town"},{"i":3913,"n":"Town Clerk of Litchfield","f":"(603) 424-8154","p":"(603) 424-4045","e":"tbriand@litchfieldnh.gov","d":"2015-08-31T15:02:50","a1":"2 Liberty Way","a2":"","a3":"","c":"Litchfield","s":"NH","z":"03052","j":"Litchfield, Town of","t":"Town"},{"i":3927,"n":"Town Clerk of Littleton","f":"(603) 444-0735","p":"(603) 444-3995","e":"jwhite@townoflittleton.org","d":"2017-09-27T09:24:56","a1":"125 Main St, Suite 202","a2":"","a3":"","c":"Littleton","s":"NH","z":"03561","j":"Littleton, Town of","t":"Town"},{"i":3962,"n":"Town Clerk of Londonderry","f":"(603) 421-9617","p":"(603) 432-1100","e":"sfarrell@londonderrynh.org","d":"2017-09-25T10:22:27","a1":"268 B Mammoth Rd","a2":"","a3":"","c":"Londonderry","s":"NH","z":"03053","j":"Londonderry, Town of","t":"Town"},{"i":3978,"n":"Town Clerk of Loudon","f":"(603) 798-3539","p":"(603) 798-4542","e":"townclerk@loudonnh.org","d":"2015-08-31T15:02:50","a1":"P.O. Box 7837","a2":"","a3":"","c":"Loudon","s":"NH","z":"03307","j":"Loudon, Town of","t":"Town"},{"i":4021,"n":"Town Clerk of Lyman","f":"(603) 838-6818","p":"(603) 838-6113","e":"lymantc@myfairpoint.net","d":"2015-08-31T15:02:50","a1":"65 Parker Hill Rd","a2":"","a3":"","c":"Lyman","s":"NH","z":"03585","j":"Lyman, Town of","t":"Town"},{"i":4023,"n":"Town Clerk of Lyme","f":"(603) 795-2117","p":"(603) 795-2535","e":"patty@lymenh.gov","d":"2015-08-31T15:02:50","a1":"P.O. Box 342","a2":"","a3":"","c":"Lyme","s":"NH","z":"03768","j":"Lyme, Town of","t":"Town"},{"i":4025,"n":"Town Clerk of Lyndeborough","f":"(603) 654-5777","p":"(603) 654-5955","e":"tschultz@lyndeboroughnh.us","d":"2015-08-31T15:02:50","a1":"9 Citizens Hall Rd","a2":"","a3":"","c":"Lyndeborough","s":"NH","z":"03082","j":"Lyndeborough, Town of","t":"Town"},{"i":4088,"n":"Town Clerk of Madison","f":"(603) 367-4765","p":"(603) 367-9931","e":"clerk@madison-nh.org","d":"2015-08-31T15:02:50","a1":"P.O. Box 248","a2":"","a3":"","c":"Madison","s":"NH","z":"03849","j":"Madison, Town of","t":"Town"},{"i":4199,"n":"Town Clerk of Marlborough","f":"(603) 876-4703","p":"(603) 876-4529","e":"townclerk@marlboroughnh.org","d":"2015-08-31T15:02:50","a1":"P.O. Box 487","a2":"","a3":"","c":"Marlborough","s":"NH","z":"03455","j":"Marlborough, Town of","t":"Town"},{"i":4202,"n":"Town Clerk of Marlow","f":"(603) 446-8306","p":"(603) 446-2245","e":"marlowclerk@marlownh.gov","d":"2017-09-25T10:22:27","a1":"167 NH RT 123","a2":"","a3":"","c":"Marlow","s":"NH","z":"03456","j":"Marlow, Town of","t":"Town"},{"i":4251,"n":"Town Clerk of Mason","f":"(603) 878-4892","p":"(603) 878-3768","e":"masontownclerk@gmail.com","d":"2015-08-31T15:02:50","a1":"16 Darling Hill Rd","a2":"","a3":"","c":"Mason","s":"NH","z":"03048","j":"Mason, Town of","t":"Town"},{"i":4387,"n":"Town Clerk of Meredith","f":"(603) 279-1042","p":"(603) 677-4203","e":"kparker@meredithnh.org","d":"2017-09-25T10:22:27","a1":"41 Main St","a2":"","a3":"","c":"Meredith","s":"NH","z":"03253","j":"Meredith, Town of","t":"Town"},{"i":4399,"n":"Town Clerk of Merrimack","f":"(603) 423-8539","p":"(603) 424-3651","e":"dtrippett@merrimacknh.gov","d":"2015-08-31T15:02:50","a1":"6 Baboosic Lake Rd","a2":"","a3":"","c":"Merrimack","s":"NH","z":"03054","j":"Merrimack, Town of","t":"Town"},{"i":4429,"n":"Town Clerk of Middleton","f":"(603) 473-2450","p":"(603) 473-5210","e":"tctx@middletonnh.gov","d":"2015-08-31T15:02:50","a1":"182 Kings Hwy","a2":"","a3":"","c":"Middleton","s":"NH","z":"03887","j":"Middleton, Town of","t":"Town"},{"i":4444,"n":"Town Clerk of Milan","f":"(603) 449-2624","p":"(603) 449-3461","e":"milantownclerk@gmail.com","d":"2017-09-25T10:22:27","a1":"P.O. Box 158","a2":"","a3":"","c":"Milan","s":"NH","z":"03588","j":"Milan, Town of","t":"Town"},{"i":4448,"n":"Town Clerk of Milford","f":"(603) 673-2273","p":"(603) 249-0650","e":"joan.dargie@milford.nh.gov","d":"2017-09-25T10:22:27","a1":"1 Union Sq","a2":"","a3":"","c":"Milford","s":"NH","z":"03055","j":"Milford, Town of","t":"Town"},{"i":4466,"n":"Town Clerk of Millsfield","f":"(603) 482-3451","p":"(603) 482-3294","e":"caploghaven@aol.com","d":"2017-09-25T10:22:27","a1":"468 US Rte 26","a2":"","a3":"","c":"Errol","s":"NH","z":"03579","j":"Millsfield, Town of","t":"Town"},{"i":4478,"n":"Town Clerk of Milton","f":"(603) 652-4120","p":"(603) 652-4501 x3","e":"townclerktaxcollector@miltonnh-us.com","d":"2015-08-31T15:02:50","a1":"P.O. Box 180","a2":"","a3":"","c":"Milton","s":"NH","z":"03851","j":"Milton, Town of","t":"Town"},{"i":4550,"n":"Town Clerk of Monroe","f":"(603) 638-2021","p":"(603) 638-2644","e":"monroetc@roadrunner.com","d":"2015-08-31T15:02:50","a1":"P.O. Box 63","a2":"","a3":"","c":"Monroe","s":"NH","z":"03771","j":"Monroe, Town of","t":"Town"},{"i":4647,"n":"Town Clerk of Moultonborough","f":"(603) 476-2778","p":"(603) 476-2347","e":"townclerk@moultonboroughnh.gov","d":"2015-10-02T09:53:09","a1":"P.O. Box 15","a2":"","a3":"","c":"Moultonborough","s":"NH","z":"03254","j":"Moultonborough, Town of","t":"Town"},{"i":4553,"n":"Town Clerk of Mount Vernon","f":"(603) 673-0914","p":"(603) 673-9126","e":"mvtownclerk@comcast.net","d":"2015-08-31T15:02:50","a1":"P.O. Box 417","a2":"","a3":"","c":"Mont Vernon","s":"NH","z":"03057","j":"Mont Vernon, Town of","t":"Town"},{"i":4739,"n":"Town Clerk of Nelson","f":"(603) 847-3197","p":"(603) 847-9043","e":"townclerk@nelsonnh.us","d":"2015-08-31T15:02:50","a1":"7 Nelson Common Rd","a2":"","a3":"","c":"Nelson","s":"NH","z":"03457","j":"Nelson, Town of","t":"Town"},{"i":4761,"n":"Town Clerk of New Boston","f":"(603) 487-2975","p":"(603) 741-6004","e":"i.baudreau@newbostonnh.gov","d":"2017-09-25T10:22:27","a1":"P.O. Box 250","a2":"","a3":"","c":"New Boston","s":"NH","z":"03070","j":"New Boston, Town of","t":"Town"},{"i":4768,"n":"Town Clerk of New Castle","f":"(603) 433-6198","p":"(603) 431-6710","e":"phnewcastle@yahoo.com","d":"2015-08-31T15:02:50","a1":"P.O. Box 367","a2":"","a3":"","c":"New Castle","s":"NH","z":"03854","j":"New Castle, Town of","t":"Town"},{"i":4772,"n":"Town Clerk of New Durham","f":"(603) 859-6644","p":"(603) 859-2091","e":"ndclerk@newdurhamnh.us","d":"2017-09-25T10:22:27","a1":"P.O. Box 207","a2":"","a3":"","c":"New Durham","s":"NH","z":"03855","j":"New Durham, Town of","t":"Town"},{"i":4776,"n":"Town Clerk of New Hampton","f":"(603) 744-0671","p":"(603) 744-8454","e":"radams@new-hampton.nh.us","d":"2017-09-25T10:22:27","a1":"P.O. Box 538","a2":"","a3":"","c":"New Hampton","s":"NH","z":"03256","j":"New Hampton, Town of","t":"Town"},{"i":4788,"n":"Town Clerk of New Ipswich","f":"(603) 878-3855","p":"(603) 878-2772","e":"townclerk@townofnewipswich.org","d":"2017-09-25T10:22:27","a1":"661 Turnpike Rd","a2":"","a3":"","c":"New Ipswich","s":"NH","z":"03071","j":"New Ipswich, Town of","t":"Town"},{"i":4793,"n":"Town Clerk of New London","f":"(603) 526-9494","p":"(603) 526-4821","e":"tctc@nl-nh.com","d":"2015-08-31T15:02:50","a1":"375 Main St","a2":"","a3":"","c":"New London","s":"NH","z":"03257","j":"New London, Town of","t":"Town"},{"i":4812,"n":"Town Clerk of Newbury","f":"(603) 763-5298","p":"(603) 763-5326","e":"linda@newburynh.org","d":"2015-08-31T15:02:50","a1":"P.O. Box 253","a2":"","a3":"","c":"Newbury","s":"NH","z":"03255","j":"Newbury, Town of","t":"Town"},{"i":4816,"n":"Town Clerk of Newfields","f":"(603) 772-9004","p":"(603) 772-5070","e":"suemckinnon@newfieldsnh.gov","d":"2015-08-31T15:02:50","a1":"65 Main St","a2":"","a3":"","c":"Newfields","s":"NH","z":"03856","j":"Newfields, Town of","t":"Town"},{"i":4818,"n":"Town Clerk of Newington","f":"(603) 436-7188","p":"(603) 436-7640","e":"lcoleman@townofnewingtonnh.com","d":"2015-08-31T15:02:50","a1":"205 Nimble Hill Rd","a2":"","a3":"","c":"Newington","s":"NH","z":"03801","j":"Newington, Town of","t":"Town"},{"i":4820,"n":"Town Clerk of Newmarket","f":"(603) 659-3441","p":"(603) 659-3073","e":"tlittlefield@newmarketnh.gov","d":"2017-09-25T10:22:27","a1":"186 Main St","a2":"","a3":"","c":"Newmarket","s":"NH","z":"03857","j":"Newmarket, Town of","t":"Town"},{"i":4825,"n":"Town Clerk of Newport","f":"(603) 863-8008","p":"(603) 863-2224","e":"clerk@newportnh.gov","d":"2017-09-25T10:22:27","a1":"15 Sunapee St","a2":"","a3":"","c":"Newport","s":"NH","z":"03773","j":"Newport, Town of","t":"Town"},{"i":4838,"n":"Town Clerk of Newton","f":"(603) 382-2596","p":"(603) 382-4096","e":"townclerktaxcollector@newtonnh.net","d":"2017-09-25T10:22:27","a1":"2 Town Hall Road","a2":"","a3":"","c":"Newton","s":"NH","z":"03858","j":"Newton, Town of","t":"Town"},{"i":4877,"n":"Town Clerk of North Hampton","f":"(603) 964-2906","p":"(603) 964-6029","e":"sbuchanan@northhampton-nh.gov","d":"2015-08-31T15:02:50","a1":"237 Atlantic Ave","a2":"","a3":"","c":"North Hampton","s":"NH","z":"03862","j":"North Hampton, Town of","t":"Town"},{"i":4901,"n":"Town Clerk of Northfield","f":"(603) 286-3328","p":"(603) 286-4482","e":"ccaveney@northfieldnh.org","d":"2015-08-31T15:02:50","a1":"21 Summer St","a2":"","a3":"","c":"Northfield","s":"NH","z":"03276","j":"Northfield, Town of","t":"Town"},{"i":4905,"n":"Town Clerk of Northumberland","f":"(603) 636-6098","p":"(603) 636-1450","e":"northumberlandtownclerk@yahoo.com","d":"2017-09-25T10:22:27","a1":"19 Main St","a2":"","a3":"","c":"Grovetown","s":"NH","z":"03582","j":"Northumberland, Town of","t":"Town"},{"i":4908,"n":"Town Clerk of Northwood","f":"(603) 942-9107","p":"(603) 942-5586","e":"jpease@northwoodnh.org","d":"2015-08-31T15:02:50","a1":"818 First NH Tpk","a2":"","a3":"","c":"Northwood","s":"NH","z":"03261","j":"Northwood, Town of","t":"Town"},{"i":4930,"n":"Town Clerk of Nottingham","f":"(603) 679-9598","p":"(603) 679-9598","e":"sweston@nottingham-nh.gov","d":"2015-08-31T15:02:50","a1":"P.O. Box 114","a2":"","a3":"","c":"Nottingham","s":"NH","z":"03290","j":"Nottingham, Town of","t":"Town"},{"i":5040,"n":"Town Clerk of Orange","f":"(603) 523-7054","p":"(603) 523-4467","e":"orangetownclerk@myfairpoint.net","d":"2015-08-31T15:02:50","a1":"P.O. Box 37","a2":"","a3":"","c":"Canaan","s":"NH","z":"03741","j":"Orange, Town of","t":"Town"},{"i":5049,"n":"Town Clerk of Orford","f":"(603) 353-4489","p":"(603) 353-4404","e":"townclerk@orfordnh.us","d":"2015-08-31T15:02:50","a1":"2529 Rourt 25A","a2":"","a3":"","c":"Orford","s":"NH","z":"03777","j":"Orford, Town of","t":"Town"},{"i":5080,"n":"Town Clerk of Ossipee","f":"(603) 539-2856","p":"(603) 539-2008","e":"tctc@ossipee.org","d":"2017-09-25T10:22:27","a1":"P.O. Box 67 CTR","a2":"","a3":"","c":"Ossipee","s":"NH","z":"03814","j":"Ossipee, Town of","t":"Town"},{"i":5187,"n":"Town Clerk of Pelham","f":"(603) 508-3096","p":"(603) 508-3076","e":"townclerk@pelhamweb.com","d":"2015-08-31T15:02:50","a1":"6 Village Green","a2":"","a3":"","c":"Pelham","s":"NH","z":"03076","j":"Pelham, Town of","t":"Town"},{"i":5193,"n":"Town Clerk of Pembroke","f":"(603) 485-3967","p":"(603) 485-4747","e":"jgoff@pembroke-nh.com","d":"2015-08-31T15:02:50","a1":"311 Pembroke St","a2":"","a3":"","c":"Pembroke","s":"NH","z":"03275","j":"Pembroke, Town of","t":"Town"},{"i":5238,"n":"Town Clerk of Peterborough","f":"(603) 924-8001","p":"(603) 924-8000","e":"townclerk@peterboroughnh.gov","d":"2017-09-25T10:22:27","a1":"1 Grove St","a2":"","a3":"","c":"Peterborough","s":"NH","z":"03458","j":"Peterborough, Town of","t":"Town"},{"i":5270,"n":"Town Clerk of Piermont","f":"(603) 272-4947","p":"(603) 272-4840","e":"piermont.town.clerk@gmail.com","d":"2015-08-31T15:02:50","a1":"P.O. Box 27","a2":"","a3":"","c":"Piermont","s":"NH","z":"03779","j":"Piermont, Town of","t":"Town"},{"i":7449,"n":"Town Clerk of Pinkham&apos;s Grant","f":"(603) 466-3100","p":"(603) 466-2744","e":"cporter@gorhamnh.org","d":"2015-08-31T15:07:18","a1":"20 Park St","a2":"","a3":"","c":"Gorham","s":"NH","z":"03581","j":"Pinkham&apos;s Grant, Town of","t":"Town"},{"i":5305,"n":"Town Clerk of Pittsburg","f":"(603) 538-6697","p":"(603) 538-6699","e":"pittsburg1nh@gmail.com","d":"2015-08-31T15:02:50","a1":"1526 Main St","a2":"","a3":"","c":"Pittsburg","s":"NH","z":"03592","j":"Pittsburg, Town of","t":"Town"},{"i":5309,"n":"Town Clerk of Pittsfield","f":"(603) 435-7922","p":"(603) 435-6773","e":"eanthony@pittsfieldnh.gov","d":"2017-09-25T10:22:27","a1":"85 Main Street","a2":"","a3":"","c":"Pittsfield","s":"NH","z":"03263","j":"Pittsfield, Town of","t":"Town"},{"i":5323,"n":"Town Clerk of Plainfield","f":"(603) 469-3642","p":"(603) 469-3201","e":"mmarsh@plainfieldnh.org","d":"2015-08-31T15:02:50","a1":"P.O. Box 380","a2":"","a3":"","c":"Meriden","s":"NH","z":"03770","j":"Plainfield, Town of","t":"Town"},{"i":5329,"n":"Town Clerk of Plaistow","f":"(603) 382-7183","p":"(603) 382-8129","e":"mpelletier@plaistow.com","d":"2017-09-25T10:22:27","a1":"145 Main St","a2":"","a3":"","c":"Plaistow","s":"NH","z":"03865","j":"Plaistow, Town of","t":"Town"},{"i":5361,"n":"Town Clerk of Plymouth","f":"(603) 536-0036","p":"(603) 536-1732","e":"townclerk@plymouth-nh.org","d":"2015-08-31T15:02:50","a1":"6 Post Office Sq","a2":"","a3":"","c":"Plymouth","s":"NH","z":"03264","j":"Plymouth, Town of","t":"Town"},{"i":5549,"n":"Town Clerk of Randolph","f":"(603) 466-9856","p":"(603) 466-5771","e":"townclerk@randolph.nh.gov","d":"2015-08-31T15:02:50","a1":"130 Durand Rd","a2":"","a3":"","c":"Randolph","s":"NH","z":"03593","j":"Randolph, Town of","t":"Town"},{"i":5565,"n":"Town Clerk of Raymond","f":"(603) 895-7064","p":"(603) 895-7024","e":"swalls@raymondnh.gov","d":"2017-09-25T10:22:27","a1":"4 Epping St","a2":"","a3":"","c":"Raymond","s":"NH","z":"03077","j":"Raymond, Town of","t":"Town"},{"i":5664,"n":"Town Clerk of Richmond","f":"(603) 239-4615","p":"(603) 239-6202","e":"richmondtownclerk@yahoo.com","d":"2015-08-31T15:02:50","a1":"105 Old Homestead Hwy","a2":"","a3":"","c":"Richmond","s":"NH","z":"03470","j":"Richmond, Town of","t":"Town"},{"i":5676,"n":"Town Clerk of Rindge","f":"(603) 899-2108","p":"(603) 899-5181","e":"townclerk@town.rindge.nh.us","d":"2015-08-31T15:02:50","a1":"30 Payson Hill Rd","a2":"","a3":"","c":"Rindge","s":"NH","z":"03461","j":"Rindge, Town of","t":"Town"},{"i":5756,"n":"Town Clerk of Rollinsford","f":"(603) 740-0254","p":"(603) 742-2510","e":"kate.nesman@rollinsford.nh.us","d":"2015-08-31T15:02:50","a1":"P.O. Box 309","a2":"","a3":"","c":"Rollinsford","s":"NH","z":"03869","j":"Rollinsford, Town of","t":"Town"},{"i":5793,"n":"Town Clerk of Roxbury","f":"(603) 352-4903","p":"(603) 352-4903","e":"roxburytownclerk@yahoo.com","d":"2017-09-25T10:22:27","a1":"562 Middletown Rd.","a2":"","a3":"","c":"Roxbury","s":"NH","z":"03431","j":"Roxbury, Town of","t":"Town"},{"i":5806,"n":"Town Clerk of Rumney","f":"(603) 786-2237","p":"(603) 786-2237","e":"townclerk@rumneynh.org","d":"2015-09-11T11:54:43","a1":"P.O. Box 275","a2":"","a3":"","c":"Rumney","s":"NH","z":"03266","j":"Rumney, Town of","t":"Town"},{"i":5833,"n":"Town Clerk of Rye","f":"(603) 964-4132","p":"(603) 964-8562","e":"ddecotis@town.rye.nh.us","d":"2017-09-25T10:22:27","a1":"10 Central Rd","a2":"","a3":"","c":"Rye","s":"NH","z":"03870","j":"Rye, Town of","t":"Town"},{"i":5853,"n":"Town Clerk of Salem","f":"(603) 685-6402","p":"(603) 890-2116","e":"swall@salemnh.gov","d":"2017-09-25T10:22:27","a1":"33 Geremonty Drive","a2":"","a3":"","c":"Salem","s":"NH","z":"03079","j":"Salem, Town of","t":"Town"},{"i":5865,"n":"Town Clerk of Salisbury","f":"(603) 648-6658","p":"(603) 648-6322","e":"tclerksalisbury@gmail.com","d":"2017-09-25T10:22:27","a1":"P.O. Box 2","a2":"","a3":"","c":"Salisbury","s":"NH","z":"03268","j":"Salisbury, Town of","t":"Town"},{"i":5890,"n":"Town Clerk of Sanborton","f":"(603) 286-9544","p":"(603) 286-4034","e":"tctc@sanborntonnh.org","d":"2015-08-31T15:02:50","a1":"P.O. Box 124","a2":"","a3":"","c":"Sanbornton","s":"NH","z":"03269","j":"Sanbornton, Town of","t":"Town"},{"i":5899,"n":"Town Clerk of Sandown","f":"(603) 887-8977","p":"(603) 887-4870","e":"mshort@sandown.us","d":"2015-08-31T15:02:50","a1":"P.O. Box 583","a2":"","a3":"","c":"Sandown","s":"NH","z":"03873","j":"Sandown, Town of","t":"Town"},{"i":5905,"n":"Town Clerk of Sandwhich","f":"(603) 284-6819","p":"(603) 284-7113","e":"tctcsandwich@cyberpine.net","d":"2015-08-31T15:02:50","a1":"P.O. Box 194","a2":"","a3":"","c":"Sandwich","s":"NH","z":"03227","j":"Sandwich, Town of","t":"Town"},{"i":5982,"n":"Town Clerk of Seabrook","f":"(603) 474-8007","p":"(603) 474-3152","e":"townclerk@seabrooknh.org","d":"2017-09-25T10:22:27","a1":"12 Linda Lane","a2":"","a3":"","c":"Seabrook","s":"NH","z":"03874","j":"Seabrook, Town of","t":"Town"},{"i":6031,"n":"Town Clerk of Sharon","f":"(603) 924-3103","p":"(603) 924-9250","e":"sharonnh.townclerk@gmail.com","d":"2017-09-25T10:22:27","a1":"432 NH Rte 123","a2":"","a3":"","c":"Sharon","s":"NH","z":"03458","j":"Sharon, Town of","t":"Town"},{"i":6046,"n":"Town Clerk of Shelburne","f":"(603) 466-5271","p":"(603) 466-2262","e":"shelburntctx@gmail.com","d":"2015-08-31T15:02:50","a1":"74 Village Rd","a2":"","a3":"","c":"Shelburne","s":"NH","z":"03581","j":"Shelburne, Town of","t":"Town"},{"i":6184,"n":"Town Clerk of South Hampton","f":"(603) 394-2134","p":"(603) 394-7696","e":"townclerk@townsh.comcastbiz.net","d":"2015-08-31T15:02:50","a1":"190 Hilldale Ave","a2":"","a3":"","c":"South Hampton","s":"NH","z":"03827","j":"South Hampton, Town of","t":"Town"},{"i":6248,"n":"Town Clerk of Springfield","f":"(603) 763-3336","p":"(603) 763-4805","e":"townclerk@springfieldnh.org","d":"2015-08-31T15:02:50","a1":"P.O. Box 22","a2":"","a3":"","c":"Springfield","s":"NH","z":"03284","j":"Springfield, Town of","t":"Town"},{"i":6334,"n":"Town Clerk of Stark","f":"(603) 636-6199","p":"(603) 636-2118","e":"starktownof@myfairpoint.net","d":"2015-08-31T15:02:50","a1":"1189 Stark Hwy","a2":"","a3":"","c":"Stark","s":"NH","z":"03582","j":"Stark, Town of","t":"Town"},{"i":6369,"n":"Town Clerk of Stewartstown","f":"(603) 246-3329","p":"(603) 246-3329","e":"townofstewartstown@hotmail.com","d":"2017-09-25T10:22:27","a1":"888 Washington","a2":"","a3":"","c":"West Stewartstown","s":"NH","z":"03597","j":"Stewartstown, Town of","t":"Town"},{"i":6382,"n":"Town Clerk of Stoddard","f":"(603) 446-2278","p":"(603) 446-2214","e":"townclerkstoddard@live.com","d":"2017-09-25T10:22:27","a1":"P.O. Box 373","a2":"","a3":"","c":"Stoddard","s":"NH","z":"03464","j":"Stoddard, Town of","t":"Town"},{"i":6399,"n":"Town Clerk of Strafford","f":"(603) 664-7276","p":"(603) 664-2192","e":"townclerk@strafford.nh.gov","d":"2017-09-25T10:22:27","a1":"P.O. Box 169","a2":"","a3":"","c":"Strafford","s":"NH","z":"03884","j":"Strafford, Town of","t":"Town"},{"i":6401,"n":"Town Clerk of Stratford","f":"(603) 922-3317","p":"(603) 922-5546","e":"stratfordnh.tctc@gmail.com","d":"2017-09-27T09:24:57","a1":"P.O. Box 368","a2":"","a3":"","c":"Stratford","s":"NH","z":"03590","j":"Stratford, Town of","t":"Town"},{"i":6403,"n":"Town Clerk of Stratham","f":"(603) 775-0517","p":"(603) 772-4741","e":"jcharbonneau@strathamnh.gov","d":"2015-08-31T15:02:50","a1":"10 Bunker Hill Ave","a2":"","a3":"","c":"Stratham","s":"NH","z":"03885","j":"Stratham, Town of","t":"Town"},{"i":6426,"n":"Town Clerk of Sugar Hill","f":"(603) 823-8446","p":"(603) 823-8516","e":"townclerk@sugarhillnh.org","d":"2015-08-31T15:02:50","a1":"P.O. Box 574","a2":"","a3":"","c":"Sugar Hill","s":"NH","z":"03586","j":"Sugar Hill, Town of","t":"Town"},{"i":6434,"n":"Town Clerk of Sullivan","f":"(603) 847-9154","p":"(603) 847-3316","e":"sullivantownclerk@myfairpoint.net","d":"2015-08-31T15:02:50","a1":"P.O. Box 110","a2":"","a3":"","c":"Sullivan","s":"NH","z":"03445","j":"Sullivan, Town of","t":"Town"},{"i":6462,"n":"Town Clerk of Sunapee","f":"(603) 763-4608","p":"(603) 763-2449","e":"betty@town.sunapee.nh.us","d":"2015-08-31T15:02:51","a1":"P.O. Box 303","a2":"","a3":"","c":"Sunapee","s":"NH","z":"03782","j":"Sunapee, Town of","t":"Town"},{"i":6476,"n":"Town Clerk of Surry","f":"(603) 357-4890","p":"(603) 352-3075","e":"townclerk@surry.nh.gov","d":"2017-09-25T10:22:27","a1":"358 Pond Rd","a2":"","a3":"","c":"Surry","s":"NH","z":"03431","j":"Surry, Town of","t":"Town"},{"i":6486,"n":"Town Clerk of Sutton","f":"(603) 927-4646","p":"(603) 927-2401","e":"townclerk@sutton-nh.org","d":"2017-09-25T10:22:27","a1":"93 Main St","a2":"","a3":"","c":"Sutton Mills","s":"NH","z":"03221","j":"Sutton, Town of","t":"Town"},{"i":6494,"n":"Town Clerk of Swanzey","f":"(603) 352-6250","p":"(603) 352-7411","e":"rfontaine@town.swanzey.nh.us","d":"2017-09-25T10:22:27","a1":"P.O. Box 10009","a2":"","a3":"","c":"Swanzey","s":"NH","z":"03446","j":"Swanzey, Town of","t":"Town"},{"i":6518,"n":"Town Clerk of Tamworth","f":"(603) 323-2347","p":"(603) 323-7971","e":"tctx@tamworthnh.org","d":"2015-08-31T15:02:51","a1":"84 Main St","a2":"","a3":"","c":"Tamworth","s":"NH","z":"03886","j":"Tamworth, Town of","t":"Town"},{"i":6546,"n":"Town Clerk of Temple","f":"(603) 878-5067","p":"(603) 878-3873","e":"templeclerk@comcast.net","d":"2017-09-25T10:22:27","a1":"P.O. Box 69","a2":"","a3":"","c":"Temple","s":"NH","z":"03084","j":"Temple, Town of","t":"Town"},{"i":6577,"n":"Town Clerk of Thornton","f":"(603) 726-2078","p":"(603) 726-4232","e":"townclerk@thorntonnh.org","d":"2015-08-31T15:02:51","a1":"16 Merrill Access Rd","a2":"","a3":"","c":"Thornton","s":"NH","z":"03285","j":"Thornton, Town of","t":"Town"},{"i":6593,"n":"Town Clerk of Tilton","f":"(603) 286-3519","p":"(603) 286-4425","e":"tctc@tiltonnh.org","d":"2015-08-31T15:02:51","a1":"257 Main St","a2":"","a3":"","c":"Tilton","s":"NH","z":"03276","j":"Tilton, Town of","t":"Town"},{"i":6668,"n":"Town Clerk of Troy","f":"(603) 242-3430","p":"(603) 242-3845","e":"taxcollector@troy-nh.us","d":"2015-08-31T15:02:51","a1":"P.O. Box 249","a2":"","a3":"","c":"Troy","s":"NH","z":"03465","j":"Troy, Town of","t":"Town"},{"i":6674,"n":"Town Clerk of Tuftonboro","f":"(603) 569-4328","p":"(603) 569-4539","e":"townclerk@tuftonboro.org","d":"2015-08-31T15:02:51","a1":"P.O. Box 98","a2":"","a3":"","c":"Center Tuftonboro","s":"NH","z":"03816","j":"Tuftonboro, Town of","t":"Town"},{"i":6747,"n":"Town Clerk of Unity","f":"(603) 542-9736","p":"(603) 542-9665","e":"townofunity@myfairpoint.net","d":"2015-08-31T15:02:51","a1":"13 Center Rd #1","a2":"","a3":"","c":"Unity","s":"NH","z":"03603","j":"Unity, Town of","t":"Town"},{"i":6839,"n":"Town Clerk of Wakefield","f":"(603) 522-6794","p":"(603) 522-6205","e":"townclerk@wakefieldnh.com","d":"2015-08-31T15:02:51","a1":"2 High St","a2":"","a3":"","c":"Sanbornville","s":"NH","z":"03872","j":"Wakefield, Town of","t":"Town"},{"i":6861,"n":"Town Clerk of Walpole","f":"(603) 756-4153","p":"(603) 756-3514","e":"ssmith@walpolenh.us","d":"2015-08-31T15:02:51","a1":"P.O. Box 756","a2":"","a3":"","c":"Walpole","s":"NH","z":"03608","j":"Walpole, Town of","t":"Town"},{"i":6880,"n":"Town Clerk of Warner","f":"(603) 456-3576","p":"(603) 456-2298","e":"townclerk@warner.nh.us","d":"2015-08-31T15:02:51","a1":"P.O. Box 265","a2":"","a3":"","c":"Warner","s":"NH","z":"03278","j":"Warner, Town of","t":"Town"},{"i":6904,"n":"Town Clerk of Warren","f":"(603) 764-9296","p":"(603) 764-7705","e":"warrentownclerk@gmail.com","d":"2015-08-31T15:02:51","a1":"P.O. Box 40","a2":"","a3":"","c":"Warren","s":"NH","z":"03279","j":"Warren, Town of","t":"Town"},{"i":6958,"n":"Town Clerk of Washington","f":"(603) 495-1739","p":"(603) 495-3667","e":"jbarkie@washingtonnh.org","d":"2017-09-25T10:22:27","a1":"7 Halfmoon Pond Rd","a2":"","a3":"","c":"Washington","s":"NH","z":"03280","j":"Washington, Town of","t":"Town"},{"i":6983,"n":"Town Clerk of Waterville Valley","f":"(603) 236-2056","p":"(603) 236-4730","e":"wvtownclerk@watervillevalley.org","d":"2015-08-31T15:02:51","a1":"P.O. Box 500","a2":"","a3":"","c":"Waterville Valley","s":"NH","z":"03215","j":"Waterville Valley, Town of","t":"Town"},{"i":7039,"n":"Town Clerk of Weare","f":"(603) 529-7571","p":"(603) 529-7575","e":"mbillodeau@weare.nh.gov","d":"2015-08-31T15:02:51","a1":"15 Flanders Memorial Rd.","a2":"","a3":"","c":"Weare","s":"NH","z":"03281","j":"Weare, Town of","t":"Town"},{"i":7056,"n":"Town Clerk of Webster","f":"(603) 648-6055","p":"(603) 648-2538","e":"townclerk@webster-nh.gov","d":"2015-08-31T15:02:51","a1":"945 Battle St","a2":"","a3":"","c":"Webster","s":"NH","z":"03303","j":"Webster, Town of","t":"Town"},{"i":7076,"n":"Town Clerk of Wentworth","f":"(603) 764-9362","p":"(603) 764-5244","e":"townclerk@wentworth-nh.org","d":"2015-08-31T15:02:51","a1":"P.O. Box 2","a2":"","a3":"","c":"Wentworth","s":"NH","z":"03282","j":"Wentworth, Town of","t":"Town"},{"i":7451,"n":"Town Clerk of Wentworth&apos;s Location","f":"(603) 237-5069","p":"(603) 482-3351","e":"erroltownclerk@gmail.com","d":"2015-08-31T15:02:51","a1":"P.O. Box 100","a2":"","a3":"","c":"Errol","s":"NH","z":"03579","j":"Wentworth&apos;s Location, Town of","t":"Town"},{"i":7134,"n":"Town Clerk of Westmoreland","f":"(603) 399-7211","p":"(603) 399-7211","e":"caldertownclerk@gmail.com","d":"2017-09-25T10:22:27","a1":"P.O. Box 111","a2":"","a3":"","c":"Westmoreland","s":"NH","z":"03467","j":"Westmoreland, Town of","t":"Town"},{"i":7189,"n":"Town Clerk of Whitefield","f":"(603) 837-3148","p":"(603) 837-9871","e":"whitefieldtownclerk@ne.rr.com","d":"2015-09-09T10:47:57","a1":"56 Littleton  Rd","a2":"","a3":"","c":"Whitefield","s":"NH","z":"03598","j":"Whitefield, Town of","t":"Town"},{"i":7255,"n":"Town Clerk of Wilmot","f":"(603) 526-4067","p":"(603) 526-9639","e":"townofwilmot_tc@comcast.net","d":"2015-08-31T15:02:51","a1":"P.O. Box 94","a2":"","a3":"","c":"Wilmot","s":"NH","z":"03287","j":"Wilmot, Town of","t":"Town"},{"i":7269,"n":"Town Clerk of Wilton","f":"(603) 654-6663","p":"(603) 654-9451","e":"jfarrell@wiltonnh.org","d":"2016-03-15T13:56:35","a1":"P.O. Box 83","a2":"","a3":"","c":"Wilton","s":"NH","z":"03086","j":"Wilton, Town of","t":"Town"},{"i":7277,"n":"Town Clerk of Winchester","f":"(603) 239-4146","p":"(603) 239-6233","e":"jtetreault@winchester.nh.gov","d":"2015-08-31T15:02:51","a1":"P.O. Box 512","a2":"","a3":"","c":"Winchester","s":"NH","z":"03470","j":"Winchester, Town of","t":"Town"},{"i":7282,"n":"Town Clerk of Windham","f":"(603) 965-1275","p":"(603) 434-5075","e":"nbottai@windhamnh.gov","d":"2017-09-27T09:24:57","a1":"3 North Lowell Rd","a2":"","a3":"","c":"Windham","s":"NH","z":"03087","j":"Windham, Town of","t":"Town"},{"i":7288,"n":"Town Clerk of Windsor","f":"(603) 478-3293","p":"(603) 478-3292","e":"windsor.nhtownclerk@gsinet.net","d":"2017-09-25T10:22:27","a1":"14 White Pond Rd","a2":"","a3":"","c":"Windsor","s":"NH","z":"03244","j":"Windsor, Town of","t":"Town"},{"i":7329,"n":"Town Clerk of Wolfeboro","f":"(603) 569-8167","p":"(603) 569-5328","e":"townclerk@wolfeboronh.us","d":"2017-09-27T09:24:57","a1":"P.O. Box 1207","a2":"","a3":"","c":"Wolfeboro","s":"NH","z":"03894","j":"Wolfeboro, Town of","t":"Town"},{"i":7360,"n":"Town Clerk of Woodstock","f":"(603) 745-2393","p":"(603) 745-8752","e":"townclerk@woodstocknh.org","d":"2015-08-31T15:02:51","a1":"Box 156","a2":"","a3":"","c":"Woodstock","s":"NH","z":"03262","j":"Woodstock, Town of","t":"Town"}]
